{"cameraMode":{"drawMode":0,"name":"Shaded","section":"Shading Mode"},"sceneLighting":false,"audioPlay":false,"sceneViewState":{"m_AlwaysRefresh":false,"showFog":false,"showSkybox":false,"showFlares":true,"showImageEffects":true,"showParticleSystems":true,"showVisualEffectGraphs":true,"m_FxEnabled":true},"in2DMode":false,"pivot":{"x":-49.86000061035156,"y":1.3819999694824219,"z":7.014999866485596},"rotation":{"x":-0.22110217809677125,"y":0.004861099179834127,"z":-0.000826261006295681,"w":-0.9754393100738525},"size":1.3713587522506714,"orthographic":false}